id,Label
wpicatto,wpicatto
carfanchi51,carfanchi51
HugoYasky,HugoYasky
CheMendele,CheMendele
luispagella,luispagella
dianamaffia,dianamaffia
ConstanzaBossio,ConstanzaBossio
AdolfogusResist,AdolfogusResist
lulahlois,lulahlois
monicamabelnoug,monicamabelnoug
JPlauto,JPlauto
leonormarquez13,leonormarquez13
Graciel1,Graciel1
ElbSergio,ElbSergio
bocabocaok,bocabocaok
laura_ayude,laura_ayude
omar_urso,omar_urso
Iib10Iris,Iib10Iris
payasobarricada,payasobarricada
TatianaSAV,TatianaSAV
EduardoScalis,EduardoScalis
lilibet46,lilibet46
elechozas,elechozas
Laura_Capurro,Laura_Capurro
ArgentinaSinK,ArgentinaSinK
lilianasirne,lilianasirne
EstebanRuffa,EstebanRuffa
lapalabraargent,lapalabraargent
Jota_eMe1917,Jota_eMe1917
adria51,adria51
mirasoles2010,mirasoles2010
AccesojustoNAD,AccesojustoNAD
LuchoBona,LuchoBona
NoVotoProcesado,NoVotoProcesado
MACRIunHIJOPUTA,MACRIunHIJOPUTA
valeriafgl,valeriafgl
Silcristu,Silcristu
LaBelgrana,LaBelgrana
angieywillie,angieywillie
vatica2015,vatica2015
KTEPASACALABAZA,KTEPASACALABAZA
karolinamamushk,karolinamamushk
adarojo,adarojo
MarceXeneize_,MarceXeneize_
ludovica007,ludovica007
praxeologia99,praxeologia99
SocraticaR,SocraticaR
n_a_castro,n_a_castro
adrinesitas,adrinesitas
dccolectivo,dccolectivo
maggiecom57,maggiecom57
CristinaTerzolo,CristinaTerzolo
TinaBottai15,TinaBottai15
mercedescentena,mercedescentena
tu_incognita,tu_incognita
SutebaTejedor,SutebaTejedor
murziocanto,murziocanto
arielchacabuco,arielchacabuco
fsancheznqn,fsancheznqn
GonzaloSueiro,GonzaloSueiro
PochiRafael,PochiRafael
donmauri71,donmauri71
AleGomezFabio,AleGomezFabio
mariacr70920382,mariacr70920382
88lamaga,88lamaga
LiluzLisam,LiluzLisam
Oscar87815355,Oscar87815355
inesfri,inesfri
IzqSoc_StaCruz,IzqSoc_StaCruz
OrPerVi,OrPerVi
fab_indy,fab_indy
RaulCalamante,RaulCalamante
leales_heroes,leales_heroes
paloma74735236,paloma74735236
dmane73,dmane73
Sutebagp1,Sutebagp1
Blanca1958,Blanca1958
agapearg51,agapearg51
SilviaDiana1951,SilviaDiana1951
josevalentinise,josevalentinise
udocbasanisidro,udocbasanisidro
leonxxxiii,leonxxxiii
alejrodagu,alejrodagu
Populismomata,Populismomata
C_Echegoyen,C_Echegoyen
Fte_Izquierda,Fte_Izquierda
bettyschek,bettyschek
Clau_claudius8,Clau_claudius8
BettyScarponi,BettyScarponi
ernestocela,ernestocela
RDSarraute,RDSarraute
ROXANNACLAUDIA,ROXANNACLAUDIA
GurtzDario,GurtzDario
savalei,savalei
acmetiny,acmetiny
waltervazquez21,waltervazquez21
PernaMiguel,PernaMiguel
AlfredoDarrigo,AlfredoDarrigo
BALCARCE3,BALCARCE3
Eluobserva16,Eluobserva16
karinahuerta123,karinahuerta123
xfv,xfv
dkozaktw,dkozaktw
Gabycasla,Gabycasla
PolloSobrero,PolloSobrero
myriambregman,myriambregman
maehcosor,maehcosor
HCAQUILMES,HCAQUILMES
RositaCaseres,RositaCaseres
toernes23,toernes23
mauriciolibra,mauriciolibra
MelyHoruS,MelyHoruS
guido__ce,guido__ce
g_santosibanez,g_santosibanez
GBoragina,GBoragina
caabdde1648749f,caabdde1648749f
yaniyenien,yaniyenien
humano_demasia3,humano_demasia3
Lauramoreiras52,Lauramoreiras52
tapetolomei,tapetolomei
GarroteyPalo,GarroteyPalo
zarha54,zarha54
rodolfoCeniz,rodolfoCeniz
alletsm,alletsm
innovacion_edu,innovacion_edu
JOYASALTAGAMA,JOYASALTAGAMA
lilifinochietta,lilifinochietta
cecioasis,cecioasis
PrensaIzquierda,PrensaIzquierda
filosogogriego,filosogogriego
Gonzalocarta,Gonzalocarta
ajfernandez2001,ajfernandez2001
Claubonara,Claubonara
CSachetta,CSachetta
BKN_Informa,BKN_Informa
marsell284,marsell284
ArgentinaSoy1,ArgentinaSoy1
historiatuya,historiatuya
Lili_RamirezOK,Lili_RamirezOK
roberto_10k,roberto_10k
NicolettaArg,NicolettaArg
SilEverywhere,SilEverywhere
MarcosBrindicci,MarcosBrindicci
monica_rosende,monica_rosende
CTAok,CTAok
matiasaufieri,matiasaufieri
Nandy46,Nandy46
GustOlmos,GustOlmos
4101Olga,4101Olga
creditosalbert1,creditosalbert1
judit_kindel,judit_kindel
Marcela01404806,Marcela01404806
asdallasta,asdallasta
Guada8N,Guada8N
anysuarok,anysuarok
ana_mnaya,ana_mnaya
LOLAMORA2005,LOLAMORA2005
flor_pas_61,flor_pas_61
NicolasdelCano,NicolasdelCano
mariabambara,mariabambara
magoya2001,magoya2001
_DagnyTaggart_,_DagnyTaggart_
FedeNovo,FedeNovo
gemmyfag,gemmyfag
gonziver,gonziver
Pabula3,Pabula3
AliciaNac,AliciaNac
edithlucero8,edithlucero8
Jennifer_Fari,Jennifer_Fari
San_Dom_,San_Dom_
Semabe2010,Semabe2010
lilisolla,lilisolla
TABAREZOLGA,TABAREZOLGA
TOTTYGREEN,TOTTYGREEN
Fedede10,Fedede10
sariogallardo,sariogallardo
MangadeATe1,MangadeATe1
luisrodriguezrm,luisrodriguezrm
drova111,drova111
Argentina20171,Argentina20171
FMLaOportunidad,FMLaOportunidad
navajoalusan,navajoalusan
MonicaABruno,MonicaABruno
narodowski,narodowski
lelajandra,lelajandra
kukycbj,kukycbj
danielitalux,danielitalux
acabrerabritos,acabrerabritos
07Bettyna,07Bettyna
amgranado,amgranado
Ecgius1,Ecgius1
noemi_salon,noemi_salon
CuervoAlcira,CuervoAlcira
adrianvagnozzi,adrianvagnozzi
FrnandaBlanco,FrnandaBlanco
KIKAdeAlmodovar,KIKAdeAlmodovar
lizzieyn,lizzieyn
mariagianc,mariagianc
elrinegau,elrinegau
normymdq,normymdq
gonzogm76,gonzogm76
jdendauwotero,jdendauwotero
Laura_Marrone,Laura_Marrone
yanquee,yanquee
VivianA_Jean,VivianA_Jean
FabianRaggi,FabianRaggi
SandraDocente,SandraDocente
GabrielaMasista,GabrielaMasista
marchitoma,marchitoma
nanaHarta,nanaHarta
JuaniLorenzo,JuaniLorenzo
InPain4u,InPain4u
magdalenaudocba,magdalenaudocba
indiamalinche,indiamalinche
cerlibre,cerlibre
cristian_cba_19,cristian_cba_19
JuanaSinarco3,JuanaSinarco3
robot93_mr,robot93_mr
fedeposadas,fedeposadas
diana_elisabet,diana_elisabet
kimse1,kimse1
rosy_charo,rosy_charo
2008majos,2008majos
gladbip,gladbip
jorhurt,jorhurt
BarbaraPepe,BarbaraPepe
jdpais2015,jdpais2015
Gracemazzola,Gracemazzola
Munchis17,Munchis17
claudio_fruyano,claudio_fruyano
crist_ruibal,crist_ruibal
SanBravoOk,SanBravoOk
adrianapellaca1,adrianapellaca1
robertodiegocav,robertodiegocav
mavirginiagomez,mavirginiagomez
chipicastillo,chipicastillo
maraluz2015,maraluz2015
ArielRomanini,ArielRomanini
marianavogler10,marianavogler10
estelascarione,estelascarione
pitona58,pitona58
VJotinsky,VJotinsky
crpaoladi,crpaoladi
Vbluesciudadano,Vbluesciudadano
austhralis,austhralis
gustavofsalcedo,gustavofsalcedo
JorgeFavaloro,JorgeFavaloro
PTSPrensa,PTSPrensa
PatriciaWelz,PatriciaWelz
udocbachivilcoy,udocbachivilcoy
pazbriano23,pazbriano23
NunkMasKs,NunkMasKs
luisoviedo23,luisoviedo23
hcarq,hcarq
verdadcosmetica,verdadcosmetica
penguinkiller62,penguinkiller62
GabSabattini,GabSabattini
ConCiencia2015,ConCiencia2015
mariavaggemore1,mariavaggemore1
elzapatofono,elzapatofono
SandraMarzocch,SandraMarzocch
pimboleto,pimboleto
mguiyemo,mguiyemo
perezmaxi,perezmaxi
RobiBaradel,RobiBaradel
LaMacrista,LaMacrista
cliporace,cliporace
Lauraadri,Lauraadri
SilviaMarquez24,SilviaMarquez24
VirQuirog,VirQuirog
mendietafirpo,mendietafirpo
AnaConUstedes,AnaConUstedes
mamibel09,mamibel09
aliartesana,aliartesana
migeroli,migeroli
a_alechiara,a_alechiara
donofriojorge,donofriojorge
Udocbaedelacruz,Udocbaedelacruz
MichuLele1,MichuLele1
gabriela231279,gabriela231279
nilda_etman,nilda_etman
Mariel_UdocbaSN,Mariel_UdocbaSN
JorgeNegroArce,JorgeNegroArce
mavica7,mavica7
debiloto,debiloto
ArielJob,ArielJob
anainesbernal,anainesbernal
MartaLiliaRiva1,MartaLiliaRiva1
DonLuisXV,DonLuisXV
FaMaCa33,FaMaCa33
buccinomarivin1,buccinomarivin1
alfrekava,alfrekava
Victorcturco,Victorcturco
secretariagen19,secretariagen19
normaaalvarez1,normaaalvarez1
Castro_J_Ale16,Castro_J_Ale16
PTSarg,PTSarg
ANDRU584,ANDRU584
azulinamorena,azulinamorena
indian_vale,indian_vale
soniaalesso1,soniaalesso1
adrianamonje80,adrianamonje80
GabrielaAnti,GabrielaAnti
NoritaBianco,NoritaBianco
galaparadali,galaparadali
nati1555,nati1555
BlackEternidad,BlackEternidad
FernandojGh,FernandojGh
lapuyutana,lapuyutana
sutebabolivar,sutebabolivar
PabloMGener,PabloMGener
MargaMachnJimne,MargaMachnJimne
Carlos_AD_Viola,Carlos_AD_Viola
indiosdelavega,indiosdelavega
interinosMAD,interinosMAD
EquipoEPVS,EquipoEPVS
Graciel27700106,Graciel27700106
Emylohr,Emylohr
perrierehernan,perrierehernan
HoraOmega,HoraOmega
giganteMandela,giganteMandela
mariancavandoli,mariancavandoli
AlesMiguens,AlesMiguens
JohanaVazquez18,JohanaVazquez18
mboren65,mboren65
BarbaraDub,BarbaraDub
Dani_deCatan,Dani_deCatan
DocentesnMarcha,DocentesnMarcha
OrwellGeorge,OrwellGeorge
Florenc32693350,Florenc32693350
Reescritura1,Reescritura1
chienlia,chienlia
RaulRlmarzetti,RaulRlmarzetti
elipedraza2509,elipedraza2509
GuillermBianchi,GuillermBianchi
divagrace31,divagrace31
Ana_Belen_DR,Ana_Belen_DR
IzqSocUNLZ,IzqSocUNLZ
rmnunez2012,rmnunez2012
crissbarrera,crissbarrera
lhtundis,lhtundis
JulioPangaro,JulioPangaro
FacuPilarche,FacuPilarche
amh2105,amh2105
fabianelteo,fabianelteo
judrh,judrh
NathiGonzalezS,NathiGonzalezS
PatriciaOtharan,PatriciaOtharan
Bocho1520,Bocho1520
edgyportenio,edgyportenio
HoracioSerto,HoracioSerto
hbonanata,hbonanata
RODRIGOSOLER64,RODRIGOSOLER64
EduardoVenosi,EduardoVenosi
silvi412,silvi412
MSequeyra,MSequeyra
Vigoroth92,Vigoroth92
FreddyAntecsor,FreddyAntecsor
RipamontiRita,RipamontiRita
colombograciel1,colombograciel1
alasrotas2011,alasrotas2011
sanmartinudocba,sanmartinudocba
lacmagiur,lacmagiur
PalitoDeSelfie3,PalitoDeSelfie3
PabloBergeroV,PabloBergeroV
kiwiportuario,kiwiportuario
Andy4500,Andy4500
MogaburPedro,MogaburPedro
MacochaSa,MacochaSa
gonzaloiturriza,gonzaloiturriza
DalilaPinacho,DalilaPinacho
Maruchita221,Maruchita221
yeorgigiorgio,yeorgigiorgio
jaz_f45,jaz_f45
MonicaTossi,MonicaTossi
nievesvioleta,nievesvioleta
CasaRosa19,CasaRosa19
AnitaSpadaro244,AnitaSpadaro244
gra_racing,gra_racing
lalunys,lalunys
BibianaSalfi,BibianaSalfi
santosjorgeh,santosjorgeh
hodrozd,hodrozd
marcelanricci86,marcelanricci86
PatriciaConti9,PatriciaConti9
SusanitaG1,SusanitaG1
_paulitad,_paulitad
Walterdarioveg3,Walterdarioveg3
cvbldl,cvbldl
LaurayJaviSFco,LaurayJaviSFco
juancristonomo,juancristonomo
elhilorojo,elhilorojo
majoandre,majoandre
CRIFAcacias,CRIFAcacias
sabrina_prof,sabrina_prof
au9beat,au9beat
ZuliRodriguez,ZuliRodriguez
CharlySiempreK,CharlySiempreK
pirulopardo,pirulopardo
M_Bronenberg,M_Bronenberg
elicardozo12,elicardozo12
JUPNacionalOK,JUPNacionalOK
vivirsinCFK_ya,vivirsinCFK_ya
sanz_ismael,sanz_ismael
TedyFrontman,TedyFrontman
ceciba05,ceciba05
EsterLinaLanzi,EsterLinaLanzi
GiordanoGringo,GiordanoGringo
GynutG,GynutG
dunnowhich,dunnowhich
PijuanTeresa,PijuanTeresa
EmmaDLRS,EmmaDLRS
SusyRuibal,SusyRuibal
MkySilvia,MkySilvia
RuthPizzi,RuthPizzi
